﻿{"name":"controller","classpathEntries":[{"kind":"binary","path":"C:\\Program Files\\Java\\jdk1.8.0_221\\jre\\lib\\resources.jar","javadocContainerUrl":"https://docs.oracle.com/javase/1/docs/api/","isSystem":true,"isOwn":false,"isTest":false,"isJavaContent":false},{"kind":"binary","path":"C:\\Program Files\\Java\\jdk1.8.0_212\\jre\\lib\\rt.jar","javadocContainerUrl":"https://docs.oracle.com/javase/1/docs/api/","isSystem":true,"isOwn":false,"isTest":false,"isJavaContent":false},{"kind":"binary","path":"C:\\Program Files\\Java\\jdk1.8.0_212\\jre\\lib\\jsse.jar","javadocContainerUrl":"https://docs.oracle.com/javase/1/docs/api/","isSystem":true,"isOwn":false,"isTest":false,"isJavaContent":false},{"kind":"binary","path":"C:\\Program Files\\Java\\jdk1.8.0_221\\jre\\lib\\jce.jar","javadocContainerUrl":"https://docs.oracle.com/javase/1/docs/api/","isSystem":true,"isOwn":false,"isTest":false,"isJavaContent":false},{"kind":"binary","path":"C:\\Program Files\\Java\\jdk1.8.0_221\\jre\\lib\\charsets.jar","javadocContainerUrl":"https://docs.oracle.com/javase/1/docs/api/","isSystem":true,"isOwn":false,"isTest":false,"isJavaContent":false},{"kind":"binary","path":"C:\\Program Files\\Java\\jdk1.8.0_221\\jre\\lib\\jfr.jar","javadocContainerUrl":"https://docs.oracle.com/javase/1/docs/api/","isSystem":true,"isOwn":false,"isTest":false,"isJavaContent":false},{"kind":"binary","path":"C:\\Users\\HB01-28\\.m2\\repository\\org\\springframework\\spring-context\\5.0.6.RELEASE\\spring-context-5.0.6.RELEASE.jar","sourceContainerUrl":"file:/C:/Users/HB01-28/.m2/repository/org/springframework/spring-context/5.0.6.RELEASE/spring-context-5.0.6.RELEASE-sources.jar","javadocContainerUrl":"file:/C:/Users/HB01-28/.m2/repository/org/springframework/spring-context/5.0.6.RELEASE/spring-context-5.0.6.RELEASE-javadoc.jar","isSystem":false,"isOwn":false,"isTest":false,"isJavaContent":false},{"kind":"binary","path":"C:\\Users\\HB01-28\\.m2\\repository\\org\\springframework\\spring-aop\\5.0.6.RELEASE\\spring-aop-5.0.6.RELEASE.jar","sourceContainerUrl":"file:/C:/Users/HB01-28/.m2/repository/org/springframework/spring-aop/5.0.6.RELEASE/spring-aop-5.0.6.RELEASE-sources.jar","javadocContainerUrl":"file:/C:/Users/HB01-28/.m2/repository/org/springframework/spring-aop/5.0.6.RELEASE/spring-aop-5.0.6.RELEASE-javadoc.jar","isSystem":false,"isOwn":false,"isTest":false,"isJavaContent":false},{"kind":"binary","path":"C:\\Users\\HB01-28\\.m2\\repository\\org\\springframework\\spring-beans\\5.0.6.RELEASE\\spring-beans-5.0.6.RELEASE.jar","sourceContainerUrl":"file:/C:/Users/HB01-28/.m2/repository/org/springframework/spring-beans/5.0.6.RELEASE/spring-beans-5.0.6.RELEASE-sources.jar","javadocContainerUrl":"file:/C:/Users/HB01-28/.m2/repository/org/springframework/spring-beans/5.0.6.RELEASE/spring-beans-5.0.6.RELEASE-javadoc.jar","isSystem":false,"isOwn":false,"isTest":false,"isJavaContent":false},{"kind":"binary","path":"C:\\Users\\HB01-28\\.m2\\repository\\org\\springframework\\spring-core\\5.0.6.RELEASE\\spring-core-5.0.6.RELEASE.jar","sourceContainerUrl":"file:/C:/Users/HB01-28/.m2/repository/org/springframework/spring-core/5.0.6.RELEASE/spring-core-5.0.6.RELEASE-sources.jar","javadocContainerUrl":"file:/C:/Users/HB01-28/.m2/repository/org/springframework/spring-core/5.0.6.RELEASE/spring-core-5.0.6.RELEASE-javadoc.jar","isSystem":false,"isOwn":false,"isTest":false,"isJavaContent":false},{"kind":"binary","path":"C:\\Users\\HB01-28\\.m2\\repository\\org\\springframework\\spring-jcl\\5.0.6.RELEASE\\spring-jcl-5.0.6.RELEASE.jar","sourceContainerUrl":"file:/C:/Users/HB01-28/.m2/repository/org/springframework/spring-jcl/5.0.6.RELEASE/spring-jcl-5.0.6.RELEASE-sources.jar","javadocContainerUrl":"file:/C:/Users/HB01-28/.m2/repository/org/springframework/spring-jcl/5.0.6.RELEASE/spring-jcl-5.0.6.RELEASE-javadoc.jar","isSystem":false,"isOwn":false,"isTest":false,"isJavaContent":false},{"kind":"binary","path":"C:\\Users\\HB01-28\\.m2\\repository\\org\\springframework\\spring-expression\\5.0.6.RELEASE\\spring-expression-5.0.6.RELEASE.jar","sourceContainerUrl":"file:/C:/Users/HB01-28/.m2/repository/org/springframework/spring-expression/5.0.6.RELEASE/spring-expression-5.0.6.RELEASE-sources.jar","javadocContainerUrl":"file:/C:/Users/HB01-28/.m2/repository/org/springframework/spring-expression/5.0.6.RELEASE/spring-expression-5.0.6.RELEASE-javadoc.jar","isSystem":false,"isOwn":false,"isTest":false,"isJavaContent":false},{"kind":"binary","path":"C:\\Users\\HB01-28\\.m2\\repository\\org\\springframework\\spring-webmvc\\5.0.6.RELEASE\\spring-webmvc-5.0.6.RELEASE.jar","sourceContainerUrl":"file:/C:/Users/HB01-28/.m2/repository/org/springframework/spring-webmvc/5.0.6.RELEASE/spring-webmvc-5.0.6.RELEASE-sources.jar","javadocContainerUrl":"file:/C:/Users/HB01-28/.m2/repository/org/springframework/spring-webmvc/5.0.6.RELEASE/spring-webmvc-5.0.6.RELEASE-javadoc.jar","isSystem":false,"isOwn":false,"isTest":false,"isJavaContent":false},{"kind":"binary","path":"C:\\Users\\HB01-28\\.m2\\repository\\org\\springframework\\spring-web\\5.0.6.RELEASE\\spring-web-5.0.6.RELEASE.jar","sourceContainerUrl":"file:/C:/Users/HB01-28/.m2/repository/org/springframework/spring-web/5.0.6.RELEASE/spring-web-5.0.6.RELEASE-sources.jar","javadocContainerUrl":"file:/C:/Users/HB01-28/.m2/repository/org/springframework/spring-web/5.0.6.RELEASE/spring-web-5.0.6.RELEASE-javadoc.jar","isSystem":false,"isOwn":false,"isTest":false,"isJavaContent":false},{"kind":"binary","path":"C:\\Users\\HB01-28\\.m2\\repository\\org\\springframework\\spring-test\\5.0.6.RELEASE\\spring-test-5.0.6.RELEASE.jar","sourceContainerUrl":"file:/C:/Users/HB01-28/.m2/repository/org/springframework/spring-test/5.0.6.RELEASE/spring-test-5.0.6.RELEASE-sources.jar","javadocContainerUrl":"file:/C:/Users/HB01-28/.m2/repository/org/springframework/spring-test/5.0.6.RELEASE/spring-test-5.0.6.RELEASE-javadoc.jar","isSystem":false,"isOwn":false,"isTest":false,"isJavaContent":false},{"kind":"binary","path":"C:\\Users\\HB01-28\\.m2\\repository\\org\\aspectj\\aspectjrt\\1.9.0\\aspectjrt-1.9.0.jar","sourceContainerUrl":"file:/C:/Users/HB01-28/.m2/repository/org/aspectj/aspectjrt/1.9.0/aspectjrt-1.9.0-sources.jar","javadocContainerUrl":"file:/C:/Users/HB01-28/.m2/repository/org/aspectj/aspectjrt/1.9.0/aspectjrt-1.9.0-javadoc.jar","isSystem":false,"isOwn":false,"isTest":false,"isJavaContent":false},{"kind":"binary","path":"C:\\Users\\HB01-28\\.m2\\repository\\org\\aspectj\\aspectjweaver\\1.9.0\\aspectjweaver-1.9.0.jar","sourceContainerUrl":"file:/C:/Users/HB01-28/.m2/repository/org/aspectj/aspectjweaver/1.9.0/aspectjweaver-1.9.0-sources.jar","javadocContainerUrl":"file:/C:/Users/HB01-28/.m2/repository/org/aspectj/aspectjweaver/1.9.0/aspectjweaver-1.9.0-javadoc.jar","isSystem":false,"isOwn":false,"isTest":false,"isJavaContent":false},{"kind":"binary","path":"C:\\Users\\HB01-28\\.m2\\repository\\org\\springframework\\spring-jdbc\\5.0.6.RELEASE\\spring-jdbc-5.0.6.RELEASE.jar","sourceContainerUrl":"file:/C:/Users/HB01-28/.m2/repository/org/springframework/spring-jdbc/5.0.6.RELEASE/spring-jdbc-5.0.6.RELEASE-sources.jar","javadocContainerUrl":"file:/C:/Users/HB01-28/.m2/repository/org/springframework/spring-jdbc/5.0.6.RELEASE/spring-jdbc-5.0.6.RELEASE-javadoc.jar","isSystem":false,"isOwn":false,"isTest":false,"isJavaContent":false},{"kind":"binary","path":"C:\\Users\\HB01-28\\.m2\\repository\\org\\springframework\\spring-tx\\5.0.6.RELEASE\\spring-tx-5.0.6.RELEASE.jar","sourceContainerUrl":"file:/C:/Users/HB01-28/.m2/repository/org/springframework/spring-tx/5.0.6.RELEASE/spring-tx-5.0.6.RELEASE-sources.jar","javadocContainerUrl":"file:/C:/Users/HB01-28/.m2/repository/org/springframework/spring-tx/5.0.6.RELEASE/spring-tx-5.0.6.RELEASE-javadoc.jar","isSystem":false,"isOwn":false,"isTest":false,"isJavaContent":false},{"kind":"binary","path":"C:\\Users\\HB01-28\\.m2\\repository\\org\\mybatis\\mybatis\\3.4.6\\mybatis-3.4.6.jar","sourceContainerUrl":"file:/C:/Users/HB01-28/.m2/repository/org/mybatis/mybatis/3.4.6/mybatis-3.4.6-sources.jar","javadocContainerUrl":"file:/C:/Users/HB01-28/.m2/repository/org/mybatis/mybatis/3.4.6/mybatis-3.4.6-javadoc.jar","isSystem":false,"isOwn":false,"isTest":false,"isJavaContent":false},{"kind":"binary","path":"C:\\Users\\HB01-28\\.m2\\repository\\org\\mybatis\\mybatis-spring\\1.3.2\\mybatis-spring-1.3.2.jar","sourceContainerUrl":"file:/C:/Users/HB01-28/.m2/repository/org/mybatis/mybatis-spring/1.3.2/mybatis-spring-1.3.2-sources.jar","javadocContainerUrl":"file:/C:/Users/HB01-28/.m2/repository/org/mybatis/mybatis-spring/1.3.2/mybatis-spring-1.3.2-javadoc.jar","isSystem":false,"isOwn":false,"isTest":false,"isJavaContent":false},{"kind":"binary","path":"C:\\Users\\HB01-28\\.m2\\repository\\org\\bgee\\log4jdbc-log4j2\\log4jdbc-log4j2-jdbc4\\1.16\\log4jdbc-log4j2-jdbc4-1.16.jar","sourceContainerUrl":"file:/C:/Users/HB01-28/.m2/repository/org/bgee/log4jdbc-log4j2/log4jdbc-log4j2-jdbc4/1.16/log4jdbc-log4j2-jdbc4-1.16-sources.jar","javadocContainerUrl":"file:/C:/Users/HB01-28/.m2/repository/org/bgee/log4jdbc-log4j2/log4jdbc-log4j2-jdbc4/1.16/log4jdbc-log4j2-jdbc4-1.16-javadoc.jar","isSystem":false,"isOwn":false,"isTest":false,"isJavaContent":false},{"kind":"binary","path":"C:\\Users\\HB01-28\\.m2\\repository\\org\\slf4j\\slf4j-api\\1.7.25\\slf4j-api-1.7.25.jar","sourceContainerUrl":"file:/C:/Users/HB01-28/.m2/repository/org/slf4j/slf4j-api/1.7.25/slf4j-api-1.7.25-sources.jar","javadocContainerUrl":"file:/C:/Users/HB01-28/.m2/repository/org/slf4j/slf4j-api/1.7.25/slf4j-api-1.7.25-javadoc.jar","isSystem":false,"isOwn":false,"isTest":false,"isJavaContent":false},{"kind":"binary","path":"C:\\Users\\HB01-28\\.m2\\repository\\org\\slf4j\\jcl-over-slf4j\\1.7.25\\jcl-over-slf4j-1.7.25.jar","sourceContainerUrl":"file:/C:/Users/HB01-28/.m2/repository/org/slf4j/jcl-over-slf4j/1.7.25/jcl-over-slf4j-1.7.25-sources.jar","javadocContainerUrl":"file:/C:/Users/HB01-28/.m2/repository/org/slf4j/jcl-over-slf4j/1.7.25/jcl-over-slf4j-1.7.25-javadoc.jar","isSystem":false,"isOwn":false,"isTest":false,"isJavaContent":false},{"kind":"binary","path":"C:\\Users\\HB01-28\\.m2\\repository\\org\\slf4j\\slf4j-log4j12\\1.7.25\\slf4j-log4j12-1.7.25.jar","sourceContainerUrl":"file:/C:/Users/HB01-28/.m2/repository/org/slf4j/slf4j-log4j12/1.7.25/slf4j-log4j12-1.7.25-sources.jar","javadocContainerUrl":"file:/C:/Users/HB01-28/.m2/repository/org/slf4j/slf4j-log4j12/1.7.25/slf4j-log4j12-1.7.25-javadoc.jar","isSystem":false,"isOwn":false,"isTest":false,"isJavaContent":false},{"kind":"binary","path":"C:\\Users\\HB01-28\\.m2\\repository\\log4j\\log4j\\1.2.17\\log4j-1.2.17.jar","sourceContainerUrl":"file:/C:/Users/HB01-28/.m2/repository/log4j/log4j/1.2.17/log4j-1.2.17-sources.jar","javadocContainerUrl":"file:/C:/Users/HB01-28/.m2/repository/log4j/log4j/1.2.17/log4j-1.2.17-javadoc.jar","isSystem":false,"isOwn":false,"isTest":false,"isJavaContent":false},{"kind":"binary","path":"C:\\Users\\HB01-28\\.m2\\repository\\javax\\inject\\javax.inject\\1\\javax.inject-1.jar","sourceContainerUrl":"file:/C:/Users/HB01-28/.m2/repository/javax/inject/javax.inject/1/javax.inject-1-sources.jar","javadocContainerUrl":"file:/C:/Users/HB01-28/.m2/repository/javax/inject/javax.inject/1/javax.inject-1-javadoc.jar","isSystem":false,"isOwn":false,"isTest":false,"isJavaContent":false},{"kind":"binary","path":"C:\\Users\\HB01-28\\.m2\\repository\\javax\\servlet\\javax.servlet-api\\3.1.0\\javax.servlet-api-3.1.0.jar","sourceContainerUrl":"file:/C:/Users/HB01-28/.m2/repository/javax/servlet/javax.servlet-api/3.1.0/javax.servlet-api-3.1.0-sources.jar","javadocContainerUrl":"file:/C:/Users/HB01-28/.m2/repository/javax/servlet/javax.servlet-api/3.1.0/javax.servlet-api-3.1.0-javadoc.jar","isSystem":false,"isOwn":false,"isTest":false,"isJavaContent":false},{"kind":"binary","path":"C:\\Users\\HB01-28\\.m2\\repository\\org\\projectlombok\\lombok\\1.18.0\\lombok-1.18.0.jar","sourceContainerUrl":"file:/C:/Users/HB01-28/.m2/repository/org/projectlombok/lombok/1.18.0/lombok-1.18.0-sources.jar","javadocContainerUrl":"file:/C:/Users/HB01-28/.m2/repository/org/projectlombok/lombok/1.18.0/lombok-1.18.0-javadoc.jar","isSystem":false,"isOwn":false,"isTest":false,"isJavaContent":false},{"kind":"binary","path":"C:\\Users\\HB01-28\\.m2\\repository\\net\\coobird\\thumbnailator\\0.4.8\\thumbnailator-0.4.8.jar","sourceContainerUrl":"file:/C:/Users/HB01-28/.m2/repository/net/coobird/thumbnailator/0.4.8/thumbnailator-0.4.8-sources.jar","javadocContainerUrl":"file:/C:/Users/HB01-28/.m2/repository/net/coobird/thumbnailator/0.4.8/thumbnailator-0.4.8-javadoc.jar","isSystem":false,"isOwn":false,"isTest":false,"isJavaContent":false},{"kind":"binary","path":"C:\\Users\\HB01-28\\.m2\\repository\\javax\\servlet\\jsp\\jsp-api\\2.1\\jsp-api-2.1.jar","sourceContainerUrl":"file:/C:/Users/HB01-28/.m2/repository/javax/servlet/jsp/jsp-api/2.1/jsp-api-2.1-sources.jar","isSystem":false,"isOwn":false,"isTest":false,"isJavaContent":false},{"kind":"binary","path":"C:\\Users\\HB01-28\\.m2\\repository\\javax\\servlet\\jstl\\1.2\\jstl-1.2.jar","sourceContainerUrl":"file:/C:/Users/HB01-28/.m2/repository/javax/servlet/jstl/1.2/jstl-1.2-sources.jar","isSystem":false,"isOwn":false,"isTest":false,"isJavaContent":false},{"kind":"binary","path":"C:\\Users\\HB01-28\\.m2\\repository\\junit\\junit\\4.12\\junit-4.12.jar","sourceContainerUrl":"file:/C:/Users/HB01-28/.m2/repository/junit/junit/4.12/junit-4.12-sources.jar","javadocContainerUrl":"file:/C:/Users/HB01-28/.m2/repository/junit/junit/4.12/junit-4.12-javadoc.jar","isSystem":false,"isOwn":false,"isTest":false,"isJavaContent":false},{"kind":"binary","path":"C:\\Users\\HB01-28\\.m2\\repository\\org\\hamcrest\\hamcrest-core\\1.3\\hamcrest-core-1.3.jar","sourceContainerUrl":"file:/C:/Users/HB01-28/.m2/repository/org/hamcrest/hamcrest-core/1.3/hamcrest-core-1.3-sources.jar","javadocContainerUrl":"file:/C:/Users/HB01-28/.m2/repository/org/hamcrest/hamcrest-core/1.3/hamcrest-core-1.3-javadoc.jar","isSystem":false,"isOwn":false,"isTest":false,"isJavaContent":false},{"kind":"binary","path":"C:\\Users\\HB01-28\\.m2\\repository\\com\\fasterxml\\jackson\\core\\jackson-databind\\2.9.5\\jackson-databind-2.9.5.jar","sourceContainerUrl":"file:/C:/Users/HB01-28/.m2/repository/com/fasterxml/jackson/core/jackson-databind/2.9.5/jackson-databind-2.9.5-sources.jar","javadocContainerUrl":"file:/C:/Users/HB01-28/.m2/repository/com/fasterxml/jackson/core/jackson-databind/2.9.5/jackson-databind-2.9.5-javadoc.jar","isSystem":false,"isOwn":false,"isTest":false,"isJavaContent":false},{"kind":"binary","path":"C:\\Users\\HB01-28\\.m2\\repository\\com\\fasterxml\\jackson\\core\\jackson-annotations\\2.9.0\\jackson-annotations-2.9.0.jar","sourceContainerUrl":"file:/C:/Users/HB01-28/.m2/repository/com/fasterxml/jackson/core/jackson-annotations/2.9.0/jackson-annotations-2.9.0-sources.jar","javadocContainerUrl":"file:/C:/Users/HB01-28/.m2/repository/com/fasterxml/jackson/core/jackson-annotations/2.9.0/jackson-annotations-2.9.0-javadoc.jar","isSystem":false,"isOwn":false,"isTest":false,"isJavaContent":false},{"kind":"binary","path":"C:\\Users\\HB01-28\\.m2\\repository\\com\\fasterxml\\jackson\\core\\jackson-core\\2.9.5\\jackson-core-2.9.5.jar","sourceContainerUrl":"file:/C:/Users/HB01-28/.m2/repository/com/fasterxml/jackson/core/jackson-core/2.9.5/jackson-core-2.9.5-sources.jar","javadocContainerUrl":"file:/C:/Users/HB01-28/.m2/repository/com/fasterxml/jackson/core/jackson-core/2.9.5/jackson-core-2.9.5-javadoc.jar","isSystem":false,"isOwn":false,"isTest":false,"isJavaContent":false},{"kind":"binary","path":"C:\\Users\\HB01-28\\.m2\\repository\\com\\google\\code\\gson\\gson\\2.8.5\\gson-2.8.5.jar","sourceContainerUrl":"file:/C:/Users/HB01-28/.m2/repository/com/google/code/gson/gson/2.8.5/gson-2.8.5-sources.jar","javadocContainerUrl":"file:/C:/Users/HB01-28/.m2/repository/com/google/code/gson/gson/2.8.5/gson-2.8.5-javadoc.jar","isSystem":false,"isOwn":false,"isTest":false,"isJavaContent":false},{"kind":"binary","path":"C:\\Users\\HB01-28\\.m2\\repository\\com\\fasterxml\\jackson\\dataformat\\jackson-dataformat-xml\\2.9.5\\jackson-dataformat-xml-2.9.5.jar","sourceContainerUrl":"file:/C:/Users/HB01-28/.m2/repository/com/fasterxml/jackson/dataformat/jackson-dataformat-xml/2.9.5/jackson-dataformat-xml-2.9.5-sources.jar","javadocContainerUrl":"file:/C:/Users/HB01-28/.m2/repository/com/fasterxml/jackson/dataformat/jackson-dataformat-xml/2.9.5/jackson-dataformat-xml-2.9.5-javadoc.jar","isSystem":false,"isOwn":false,"isTest":false,"isJavaContent":false},{"kind":"binary","path":"C:\\Users\\HB01-28\\.m2\\repository\\com\\fasterxml\\jackson\\module\\jackson-module-jaxb-annotations\\2.9.5\\jackson-module-jaxb-annotations-2.9.5.jar","sourceContainerUrl":"file:/C:/Users/HB01-28/.m2/repository/com/fasterxml/jackson/module/jackson-module-jaxb-annotations/2.9.5/jackson-module-jaxb-annotations-2.9.5-sources.jar","javadocContainerUrl":"file:/C:/Users/HB01-28/.m2/repository/com/fasterxml/jackson/module/jackson-module-jaxb-annotations/2.9.5/jackson-module-jaxb-annotations-2.9.5-javadoc.jar","isSystem":false,"isOwn":false,"isTest":false,"isJavaContent":false},{"kind":"binary","path":"C:\\Users\\HB01-28\\.m2\\repository\\org\\codehaus\\woodstox\\stax2-api\\3.1.4\\stax2-api-3.1.4.jar","sourceContainerUrl":"file:/C:/Users/HB01-28/.m2/repository/org/codehaus/woodstox/stax2-api/3.1.4/stax2-api-3.1.4-sources.jar","javadocContainerUrl":"file:/C:/Users/HB01-28/.m2/repository/org/codehaus/woodstox/stax2-api/3.1.4/stax2-api-3.1.4-javadoc.jar","isSystem":false,"isOwn":false,"isTest":false,"isJavaContent":false},{"kind":"binary","path":"C:\\Users\\HB01-28\\.m2\\repository\\com\\fasterxml\\woodstox\\woodstox-core\\5.0.3\\woodstox-core-5.0.3.jar","sourceContainerUrl":"file:/C:/Users/HB01-28/.m2/repository/com/fasterxml/woodstox/woodstox-core/5.0.3/woodstox-core-5.0.3-sources.jar","javadocContainerUrl":"file:/C:/Users/HB01-28/.m2/repository/com/fasterxml/woodstox/woodstox-core/5.0.3/woodstox-core-5.0.3-javadoc.jar","isSystem":false,"isOwn":false,"isTest":false,"isJavaContent":false},{"kind":"binary","path":"C:\\Users\\HB01-28\\.m2\\repository\\org\\quartz-scheduler\\quartz\\2.3.0\\quartz-2.3.0.jar","sourceContainerUrl":"file:/C:/Users/HB01-28/.m2/repository/org/quartz-scheduler/quartz/2.3.0/quartz-2.3.0-sources.jar","javadocContainerUrl":"file:/C:/Users/HB01-28/.m2/repository/org/quartz-scheduler/quartz/2.3.0/quartz-2.3.0-javadoc.jar","isSystem":false,"isOwn":false,"isTest":false,"isJavaContent":false},{"kind":"binary","path":"C:\\Users\\HB01-28\\.m2\\repository\\com\\mchange\\c3p0\\0.9.5.2\\c3p0-0.9.5.2.jar","sourceContainerUrl":"file:/C:/Users/HB01-28/.m2/repository/com/mchange/c3p0/0.9.5.2/c3p0-0.9.5.2-sources.jar","javadocContainerUrl":"file:/C:/Users/HB01-28/.m2/repository/com/mchange/c3p0/0.9.5.2/c3p0-0.9.5.2-javadoc.jar","isSystem":false,"isOwn":false,"isTest":false,"isJavaContent":false},{"kind":"binary","path":"C:\\Users\\HB01-28\\.m2\\repository\\com\\mchange\\mchange-commons-java\\0.2.11\\mchange-commons-java-0.2.11.jar","sourceContainerUrl":"file:/C:/Users/HB01-28/.m2/repository/com/mchange/mchange-commons-java/0.2.11/mchange-commons-java-0.2.11-sources.jar","javadocContainerUrl":"file:/C:/Users/HB01-28/.m2/repository/com/mchange/mchange-commons-java/0.2.11/mchange-commons-java-0.2.11-javadoc.jar","isSystem":false,"isOwn":false,"isTest":false,"isJavaContent":false},{"kind":"binary","path":"C:\\Users\\HB01-28\\.m2\\repository\\com\\zaxxer\\HikariCP-java6\\2.3.13\\HikariCP-java6-2.3.13.jar","sourceContainerUrl":"file:/C:/Users/HB01-28/.m2/repository/com/zaxxer/HikariCP-java6/2.3.13/HikariCP-java6-2.3.13-sources.jar","javadocContainerUrl":"file:/C:/Users/HB01-28/.m2/repository/com/zaxxer/HikariCP-java6/2.3.13/HikariCP-java6-2.3.13-javadoc.jar","isSystem":false,"isOwn":false,"isTest":false,"isJavaContent":false},{"kind":"binary","path":"C:\\Users\\HB01-28\\.m2\\repository\\net\\sf\\json-lib\\json-lib\\2.4\\json-lib-2.4-jdk15.jar","isSystem":false,"isOwn":false,"isTest":false,"isJavaContent":false},{"kind":"binary","path":"C:\\Users\\HB01-28\\.m2\\repository\\commons-beanutils\\commons-beanutils\\1.8.0\\commons-beanutils-1.8.0.jar","sourceContainerUrl":"file:/C:/Users/HB01-28/.m2/repository/commons-beanutils/commons-beanutils/1.8.0/commons-beanutils-1.8.0-sources.jar","javadocContainerUrl":"file:/C:/Users/HB01-28/.m2/repository/commons-beanutils/commons-beanutils/1.8.0/commons-beanutils-1.8.0-javadoc.jar","isSystem":false,"isOwn":false,"isTest":false,"isJavaContent":false},{"kind":"binary","path":"C:\\Users\\HB01-28\\.m2\\repository\\commons-collections\\commons-collections\\3.2.1\\commons-collections-3.2.1.jar","sourceContainerUrl":"file:/C:/Users/HB01-28/.m2/repository/commons-collections/commons-collections/3.2.1/commons-collections-3.2.1-sources.jar","javadocContainerUrl":"file:/C:/Users/HB01-28/.m2/repository/commons-collections/commons-collections/3.2.1/commons-collections-3.2.1-javadoc.jar","isSystem":false,"isOwn":false,"isTest":false,"isJavaContent":false},{"kind":"binary","path":"C:\\Users\\HB01-28\\.m2\\repository\\commons-lang\\commons-lang\\2.5\\commons-lang-2.5.jar","sourceContainerUrl":"file:/C:/Users/HB01-28/.m2/repository/commons-lang/commons-lang/2.5/commons-lang-2.5-sources.jar","javadocContainerUrl":"file:/C:/Users/HB01-28/.m2/repository/commons-lang/commons-lang/2.5/commons-lang-2.5-javadoc.jar","isSystem":false,"isOwn":false,"isTest":false,"isJavaContent":false},{"kind":"binary","path":"C:\\Users\\HB01-28\\.m2\\repository\\commons-logging\\commons-logging\\1.1.1\\commons-logging-1.1.1.jar","sourceContainerUrl":"file:/C:/Users/HB01-28/.m2/repository/commons-logging/commons-logging/1.1.1/commons-logging-1.1.1-sources.jar","javadocContainerUrl":"file:/C:/Users/HB01-28/.m2/repository/commons-logging/commons-logging/1.1.1/commons-logging-1.1.1-javadoc.jar","isSystem":false,"isOwn":false,"isTest":false,"isJavaContent":false},{"kind":"binary","path":"C:\\Users\\HB01-28\\.m2\\repository\\net\\sf\\ezmorph\\ezmorph\\1.0.6\\ezmorph-1.0.6.jar","sourceContainerUrl":"file:/C:/Users/HB01-28/.m2/repository/net/sf/ezmorph/ezmorph/1.0.6/ezmorph-1.0.6-sources.jar","javadocContainerUrl":"file:/C:/Users/HB01-28/.m2/repository/net/sf/ezmorph/ezmorph/1.0.6/ezmorph-1.0.6-javadoc.jar","isSystem":false,"isOwn":false,"isTest":false,"isJavaContent":false},{"kind":"binary","path":"C:\\Users\\HB01-28\\.m2\\repository\\org\\quartz-scheduler\\quartz-jobs\\2.3.0\\quartz-jobs-2.3.0.jar","sourceContainerUrl":"file:/C:/Users/HB01-28/.m2/repository/org/quartz-scheduler/quartz-jobs/2.3.0/quartz-jobs-2.3.0-sources.jar","javadocContainerUrl":"file:/C:/Users/HB01-28/.m2/repository/org/quartz-scheduler/quartz-jobs/2.3.0/quartz-jobs-2.3.0-javadoc.jar","isSystem":false,"isOwn":false,"isTest":false,"isJavaContent":false},{"kind":"binary","path":"C:\\Users\\HB01-28\\.m2\\repository\\org\\springframework\\security\\spring-security-web\\5.0.6.RELEASE\\spring-security-web-5.0.6.RELEASE.jar","sourceContainerUrl":"file:/C:/Users/HB01-28/.m2/repository/org/springframework/security/spring-security-web/5.0.6.RELEASE/spring-security-web-5.0.6.RELEASE-sources.jar","javadocContainerUrl":"file:/C:/Users/HB01-28/.m2/repository/org/springframework/security/spring-security-web/5.0.6.RELEASE/spring-security-web-5.0.6.RELEASE-javadoc.jar","isSystem":false,"isOwn":false,"isTest":false,"isJavaContent":false},{"kind":"binary","path":"C:\\Users\\HB01-28\\.m2\\repository\\org\\springframework\\security\\spring-security-config\\5.0.6.RELEASE\\spring-security-config-5.0.6.RELEASE.jar","sourceContainerUrl":"file:/C:/Users/HB01-28/.m2/repository/org/springframework/security/spring-security-config/5.0.6.RELEASE/spring-security-config-5.0.6.RELEASE-sources.jar","javadocContainerUrl":"file:/C:/Users/HB01-28/.m2/repository/org/springframework/security/spring-security-config/5.0.6.RELEASE/spring-security-config-5.0.6.RELEASE-javadoc.jar","isSystem":false,"isOwn":false,"isTest":false,"isJavaContent":false},{"kind":"binary","path":"C:\\Users\\HB01-28\\.m2\\repository\\org\\springframework\\security\\spring-security-core\\5.0.6.RELEASE\\spring-security-core-5.0.6.RELEASE.jar","sourceContainerUrl":"file:/C:/Users/HB01-28/.m2/repository/org/springframework/security/spring-security-core/5.0.6.RELEASE/spring-security-core-5.0.6.RELEASE-sources.jar","javadocContainerUrl":"file:/C:/Users/HB01-28/.m2/repository/org/springframework/security/spring-security-core/5.0.6.RELEASE/spring-security-core-5.0.6.RELEASE-javadoc.jar","isSystem":false,"isOwn":false,"isTest":false,"isJavaContent":false},{"kind":"binary","path":"C:\\Users\\HB01-28\\.m2\\repository\\org\\springframework\\security\\spring-security-taglibs\\5.0.6.RELEASE\\spring-security-taglibs-5.0.6.RELEASE.jar","sourceContainerUrl":"file:/C:/Users/HB01-28/.m2/repository/org/springframework/security/spring-security-taglibs/5.0.6.RELEASE/spring-security-taglibs-5.0.6.RELEASE-sources.jar","javadocContainerUrl":"file:/C:/Users/HB01-28/.m2/repository/org/springframework/security/spring-security-taglibs/5.0.6.RELEASE/spring-security-taglibs-5.0.6.RELEASE-javadoc.jar","isSystem":false,"isOwn":false,"isTest":false,"isJavaContent":false},{"kind":"binary","path":"C:\\Users\\HB01-28\\.m2\\repository\\org\\springframework\\security\\spring-security-acl\\5.0.6.RELEASE\\spring-security-acl-5.0.6.RELEASE.jar","sourceContainerUrl":"file:/C:/Users/HB01-28/.m2/repository/org/springframework/security/spring-security-acl/5.0.6.RELEASE/spring-security-acl-5.0.6.RELEASE-sources.jar","javadocContainerUrl":"file:/C:/Users/HB01-28/.m2/repository/org/springframework/security/spring-security-acl/5.0.6.RELEASE/spring-security-acl-5.0.6.RELEASE-javadoc.jar","isSystem":false,"isOwn":false,"isTest":false,"isJavaContent":false},{"kind":"source","path":"C:\\Users\\HB01-28\\Documents\\GitHub\\comic_project\\comic_project\\src\\main\\java","outputFolder":"C:\\Users\\HB01-28\\Documents\\GitHub\\comic_project\\comic_project\\target\\classes","javadocContainerUrl":"file:/C:/Users/HB01-28/Documents/GitHub/comic_project/comic_project/target/site/apidocs","isSystem":false,"isOwn":true,"isTest":false,"isJavaContent":true},{"kind":"source","path":"C:\\Users\\HB01-28\\Documents\\GitHub\\comic_project\\comic_project\\src\\test\\java","outputFolder":"C:\\Users\\HB01-28\\Documents\\GitHub\\comic_project\\comic_project\\target\\test-classes","javadocContainerUrl":"file:/C:/Users/HB01-28/Documents/GitHub/comic_project/comic_project/target/site/apidocs","isSystem":false,"isOwn":true,"isTest":true,"isJavaContent":true},{"kind":"source","path":"C:\\Users\\HB01-28\\Documents\\GitHub\\comic_project\\comic_project\\src\\main\\resources","outputFolder":"C:\\Users\\HB01-28\\Documents\\GitHub\\comic_project\\comic_project\\target\\classes","isSystem":false,"isOwn":true,"isTest":false,"isJavaContent":false},{"kind":"source","path":"C:\\Users\\HB01-28\\Documents\\GitHub\\comic_project\\comic_project\\src\\test\\resources","outputFolder":"C:\\Users\\HB01-28\\Documents\\GitHub\\comic_project\\comic_project\\target\\test-classes","isSystem":false,"isOwn":true,"isTest":true,"isJavaContent":false},{"kind":"source","path":"C:\\Users\\HB01-28\\Documents\\GitHub\\comic_project\\comic_project\\src\\test\\java","outputFolder":"C:\\Users\\HB01-28\\Documents\\GitHub\\comic_project\\comic_project\\target\\test-classes","javadocContainerUrl":"file:/C:/Users/HB01-28/Documents/GitHub/comic_project/comic_project/target/site/apidocs","isSystem":false,"isOwn":true,"isTest":false,"isJavaContent":false}]}